File,Hash
C:\Users\jigne\OneDrive - Brunel University London\FYP\TestingApp\cvsfiles\AI_Data.xlsx,d360a76e0768cbabf71aee4ec5e4ec2dc64d2e8434dca6d2e07974e2b6fa2fec
C:\Users\jigne\OneDrive - Brunel University London\FYP\TestingApp\cvsfiles\Algorithms.csv,e3b0c44298fc1c149afbf4c8996fb92427ae41e4649b934ca495991b7852b855
C:\Users\jigne\OneDrive - Brunel University London\FYP\TestingApp\cvsfiles\Appointment.csv,49d9e10b560ee31b719ac4f8486f501f443a480fb4536aa04bae908ec806c205
C:\Users\jigne\OneDrive - Brunel University London\FYP\TestingApp\cvsfiles\Department.csv,b5edd9355492442d91f33259bc39c60e78b121fac2944633f9e9d3bcd42bc52c
C:\Users\jigne\OneDrive - Brunel University London\FYP\TestingApp\cvsfiles\Doctor.csv,6b0442988bcbd9e55c72caf0d104c38383da7c91baf3bcbf9651bde847585028
C:\Users\jigne\OneDrive - Brunel University London\FYP\TestingApp\cvsfiles\Hospitals.csv,4e91ebc72798ae01e8691c9130cb122543c22f4bc23a3c4a15c23727de84c467
C:\Users\jigne\OneDrive - Brunel University London\FYP\TestingApp\cvsfiles\Invoices.csv,6d708861ad61badc342fdfb5d50240a0ac3c6bfc76affbb61435516981e54deb
C:\Users\jigne\OneDrive - Brunel University London\FYP\TestingApp\cvsfiles\Patients.csv,bf16ef98a84443302059a3a467c472bc6ec4f2bf2706c392c3b84adf54d7baf0
C:\Users\jigne\OneDrive - Brunel University London\FYP\TestingApp\cvsfiles\Staff.csv,2f9bbbe3ccd72274855c3db31476022b15e7ffddd9891fe8316a0cbe3ea14fb2
C:\Users\jigne\OneDrive - Brunel University London\FYP\TestingApp\cvsfiles\Wards.csv,87661af633a040bb375fda0f3ad0bf7b1a5cd091da13afb0089bc1f5c901694d
